year,current_year_users,previous_year_users,yoy_growth_percent
2014,30,0,
2015,51,30,70.0
2016,70,51,37.254901960784316
2017,644,70,819.9999999999999
2018,2168,644,236.64596273291926
2019,7093,2168,227.1678966789668
2020,16883,7093,138.02340335542084
2021,19159,16883,13.481016407036664
2022,26807,19159,39.918576126102614
2023,15464,26807,-42.31357481254896
2024,11631,15464,-24.786601138127264
